Pub_ID;Pub_name
1;Scholastic Inc.
2;Scholastic
3;Nimble Books
4;Gramercy Books
5;Del Rey Books
6;Crown
7;Random House Audio
8;Wings Books
9;Broadway Books
10;William Morrow Paperbacks
11;Ballantine Books
12;Houghton Mifflin Harcourt
13;Pragmatic Bookshelf
14;Atheneum Books for Young Readers: Richard Jackson Books
15;Teacher Created Resources
16;Delacorte Press
17;Cherry Lane Music Company
18;The New Press
19;Changeling Press
20;Viking Juvenile
21;Firebird
22;iUniverse
23;Shambhala
24;Ivy Books
25;Amistad
26;HarperAudio
27;Harper
28;FT Press
29;Archaia
30;Farrar  Straus and Giroux
31;Farrar Straus Giroux
32;Dramatists Play Service
33;Vintage
34;Routledge
35;North Light Books
36;Chosen Books
37;Association for Supervision & Curriculum Development
38;Kingfisher
39;ASCD
40;Sovereign World
41;Workman Publishing Company
42;One Hour Entertainment
43;Ace Books
44;Tor Books
45;Putnam
46;Tor Science Fiction
47;Delacorte Books for Young Readers
48;Thomas Nelson
49;Wiley
50;Heinemann Drama
51;McGraw-Hill
52;O'Reilly Media
53;Citadel
54;Penguin Classics
55;Signet
56;Penguin Books
57;Cliffs Notes
58;Barnes & Noble Classics
59;Dover Publications
60;Barnes & Noble
61;Mira Books
62;Cambridge University Press
63;Buccaneer Books
64;Scribner
65;Clarity Press
66;Rowman & Littlefield Publishers
67;Pearson
68;Harper Perennial
69;EMC
70;Paradigm Publishing
71;Teaching Resources
72;Turtleback Books
73;Little  Brown Book Group
74;William Morrow
75;Atria Books
76;Vintage Crime
77;Black Lizard
78;Picador USA
79;Sterling
80;Puffin
81;New Directions Publishing
82;Grove Press
83;New Directions
84;Barnes  Noble Classics
85;Brookline Books
86;Pantheon
87;One World (UK)
88;Interlink Publishing Group
89;Knopf
90;Sterling Children's Books
91;Simon & Schuster
92;Atheneum Books for Young Readers
93;Abdo Publishing Company
94;Black Classic Press
95;French & European
96;Random House Books for Young Readers
97;Zebra
98;Greenwillow Books
99;Booket
100;Del Rey
101;Ace
102;Pocket Books
103;Samuel French  Inc.
104;Princeton University Press
105;W. W. Norton & Company
106;HMH Books for Young Readers
107;Penguin
108;Vintage Contemporaries
109;Penguin Press
110;Harper Perennial Modern Classics
111;Back Bay Books
112;Knopf Publishing Group
113;Vintage International
114;Everyman's Library
115;Sun and Moon Press
116;Sky Books (NY)
117;Picador
118;Henry Holt & Company
119;Actes Sud
120;Penguin Books Ltd. (London)
121;Business Plus
122;Simon  Schuster
123;W. W. Norton  Company
124;Filiquarian Publishing  LLC.
125;Lerner Publications
126;Adventures Unlimited Press
127;Harlequin Blaze
128;Listening Library (Audio)
129;Random House
130;HarperCollins Publishers
131;Large Print Press
132;Peachpit Press
133;Taschen
134;Bantam
135;HarperTorch
136;Walker & Company
137;Haynes Manuals N. America  Inc.
138;Rockport Publishers
139;Signet Classics
140;Oxford University Press
141;Plume
142;Signet Book
143;Dutton
144;NAL
145;For Dummies
146;Random House Trade Paperbacks
147;Lyons Press
148;Alliance Publishing
149;Alfred A. Knopf
150;Bedford Books
151;Oxford University Press  USA
152;Dey Street Books
153;Vintage Espanol
154;Plaza y Janes
155;Vintage Books USA
156;Wisdom Publications
157;Rough Guides
158;Lonely Planet
159;Geoplaneta
160;Mariner Books
161;Avon
162;Payot
163;HarperCollins Perennial
164;Spectra Books
165;Spectra
166;Bantam Books
167;Two Plus Two Publishing LLC
168;Basic Books
169;Ignatius Press
170;HarperOne
171;HarperCollins
172;VIZ Media LLC
173;Borgo Press
174;It Books
175;Random House Large Print Publishing
176;Newmarket Press
177;Oni Press
178;Moody Publishers
179;Umbriel
180;FonoLibro
181;Anchor
182;Pocket
183;Corgi Books
184;Bantam Press
185;Pinnacle
186;Gallery Books
187;Tarcherperigee
188;High Roads Media
189;Firebrand Books
190;Berkley Books
191;Recorded Books  Inc.
192;University of Chicago Press
193;Howard Publishing Co
194;Zondervan
195;Delta
196;HarperCollins Publishers  Inc.
197;Rodale Books
198;High Point Media
199;John Wiley & Sons
200;B Books
201;Red Dress Ink
202;Ryland Peters & Small
203;Clarkson Potter
204;Clarkson Potter Publishers
205;Ediciones B
206;Putnam Publishing Group
207;Mariner Books 
208; Harvest Books
209;Gallimard
210;Anchor Books
211;Lulu.com
212;Jossey-Bass
213;Prentice Hall
214;Little  Brown
215;Harper Paperbacks
216;Prentice Hall Press
217;Crown Publishing Group
218;BradyGames
219;Penguin (Business)
220;Tor Classics
221;Doubleday Books
222;Warner Books
223;Continuum
224;Stackpole Books
225;Prometheus Books
226;St. Augustines Press
227;Hackett Publishing Company  Inc.
228;Cornell University Press
229;W.W. Norton & Company
230;Everyman's Library 234
231;Bolchazy-Carducci Publishers
232;Harvard University Press
233;Atelos Press
234;Harvard Common Press
235;Viking
236;Gramercy
237;Applause Books
238;Nonpareil Books
239;Bryn Mawr Commentaries
240;New York Review of Books
241;Bantam Classics
242;Loeb Classical Library
243;Bloomsbury Methuen Drama
244;Bristol Classical Press
245;University of Pennsylvania Press
246;Kessinger Publishing
247;New American Library
248;Prestwick House - (Literary Touchstone Classic)
249;Signet Books (NY)
250;Focus Publishing
251;R. Pullins Company
252;Harcourt
253;Little Brown and Company
254;Simon Schuster
255;Berrett-Koehler Publishers
256;Anagrama
257;Granta UK
258;Longman Publishing Group
259;Seix Barral
260;New City Press
261;University of California Press
262;Library of Liberal Arts
263;Bobb-Merrill (Indianapolis  IN)
264;Hackett Publ. Co Inc
265;Ecco Press
266;Santillana USA Publishing Company
267;Harcourt Brace
268;University of Oklahoma Press
269;Wayne State University Press
270;Everyman
271;Tarcher
272;Three Rivers Press (CA)
273;W.W. Norton
274;North Point Press
275;Warner Books (NY)
276;Jove
277;Alfred A. Knopf Books for Young Readers
278;Libraries Unlimited
279;Owl Books (Henry Holt)
280;Pantheon Books (NY)
281;Penguin Books Ltd
282;Villard
283;Modern Library
284;Farrar  Straus and Giroux (NY)
285;Planeta Publishing
286;Mountaineers Books
287;Scholastic Paperbacks
288;Library of America
289;Collector's Library
290;Spark Publishing
291;Egmont Books Ltd
292;Touchstone
293;Arthur A. Levine
294;Bloomsbury Academic
295;Bloomsbury Publishing
296;Digireads.com
297;OUP Oxford
298;Plume Books
299;BBC Worldwide
300;Viking Books
301;MIT Press
302;Copernicus Books
303;Running Press Book Publishers
304;ReganBooks
305;Batsford
306;Grand Central Life & Style
307;Little  Brown and Company
308;MTV Books
309;G.P. Putnam's Sons
310;Jones Books
311;Simon  Schuster Audio
312;Penguin Books (Penguin Classics)
313;Simon & Schuster Paperbacks
314;Amadeus
315;McGraw-Hill Humanities
316;Social Sciences
317;Languages
318;Simple Productions
319;Free Press
320;HJ Kramer
321;Berkley Publishing Group
322;Da Capo Press
323;Fawcett
324;Grand Central Publishing
325;Rutgers University Press
326;Atheneum Books
327;Dell Yearling
328;Three Rivers Press
329;Phoenix Audio
330;Houghton Mifflin Company
331;Penguin Books Australia Ltd.
332;Peter Smith Publisher
333;Two Lions
334;Punto de Lectura
335;Naxos Audiobooks
336;Candlewick Press
337;Penguin Audio
338;Inner City Books
339;University of Illinois Press
340;University Press of Kansas
341;Jove Books
342;Vacation Work Publications
343;Hampton Roads Publishing Company
344;Orion Publishing
345;Crossroad
346;Vintage Classics
347;Alfaguara
348;Castle Books
349;Rupa & Co
350;Alfred A.Knopf
351;Schirmer Mosel
352;Teachers College Press
353;McGraw-Hill Education
354;Hachette Books
355;Westminster John Knox Press
356;Caedmon
357;Prima Lifestyles
358;North Atlantic Books
359;Barrons Educational Series
360;Washington Square Press
361;Houghton Mifflin
362;Simon  Schuster Books for Young Readers
363;Schocken
364;Yale University Press
365;A K PETERS
366;Bloomsbury Publishing PLC
367;Health Communications Inc
368;Owl Publishing Company
369;Thames  Hudson
370;Duke University Press Books
371;Berkley Trade
372;Crown Publishing Group (NY)
373;Cornerstone Press Chicago
374;Dell
375;Shaw Books
376;Simon & Schuster Children's Publishing
377;Shaw
378;Roxford Books
379;Tantor Media
380;HarperTeen
381;Clarion Books
382;Dutton Juvenile
383;Arcade Publishing
384;TSR
385;Doubleday
386;List
387;National Gallery London
388;集英社
389;Shueisha
390;Harlequin Romance
391;Diogenes
392;Not Avail
393;Glénat
394;Yearling
395;Aladdin
396;Ann Arbor Media
397;Council Press
398;The Modern Library
399;David C Cook
400;Children's Classics
401;David R. Godine Publisher
402;Festival
403;Basic Books (AZ)
404;Encounter Books
405;Walker Books Ltd
406;Alcoholics Anonymous World Services Inc
407;AA World Services
408;Overeaters Anonymous  Incorporated
409;Farrar Straus and Giroux
410;University Press of Mississippi
411;Insel  Frankfurt
412;Penguin Press HC  The
413;Scholastic Books
414;The Harvill Press
415;Simon and Schuster
416;Hodder
417;Livre de Poche
418;Loeb Classical Library 307
419;Hackett Publishing Company  Inc. (USA)
420;University Of Chicago Press
421;St. Martin's Griffin
422;Totem Books
423;Dial Press
424;HarperCollins Espanol
425;Rayo
426;Faber  Faber
427;Suhrkamp
428;Hodder Children's Books
429;G.P. Putnam's Sons Books for Young Readers
430;Random House Trade
431;Grove Press  Open City Books
432;New Riders Publishing
433;Cooper Square Press
434;Avon Books
435;Wings
436;William Morrow & Company (NYC)
437;Hyperion
438;Red Fox
439;Doubleday Canada
440;Broadway
441;Vision
442;Roca Editorial
443;St. Martin's Press
444;Pocket Star Books
445;Scribner Book Company
446;Yearling Books
447;Bethany House Publishers
448;Melville House Publishing
449;Harlequin Superromance
450;Merlin Publishing
451;International Publishers
452;Dell Laurel-Leaf
453;Bantam Starfire
454;Blackstone Audiobooks
455;Seal Books
456;Starfire
457;HighBridge Company
458;Atlantic Monthly Press
459;Grosset & Dunlap
460;Simon & Schuster Audio
461;Multnomah Books
462;Ember
463;Granta
464;Penguin Classics Deluxe Editions
465;Heinemann-Octopus
466;Enitharmon Press
467;Orion Children's Books
468;MacMillan UK
469;Pan
470;Macmillan
471;William Morrow & Company
472;Fourth Estate Paperbacks
473;IVP Academic
474;Love Spell
475;Dark Horse Books
476;Fawcett Books
477;Penguin Books in association with Faber & Faber
478;Gardners Books
479;Ecco
480;Harcourt Brace Jovanovich
481;Severn House Publishers
482;Ellora's Cave
483;Counterpoint
484;Polyface
485;Norton
486;Regnery Publishing
487;Bloomsbury
488;National Geographic Society
489;Ebury (A Division of Random House Group)
490;Viking Adult
491;Headline Book Pub Ltd
492;Marvel
493;Heyne
494;Robert Laffont
495;Harper Voyager
496;Minotaur Books
497;Bantam Spectra
498;Dark Horse
499;HarperTorch (an imprint of HarperCollins Publishers)
500;Summit University Press
501;Beacon Press
502;Beacon Press (Boston)
503;Addison-Wesley Professional
504;Plexus Publishing Ltd
505;Simon & Schuster Childrens Books
506;Harper Business
507;Arrow
508;Hci
509;IVP Books
510;DeVorss & Company
511;Random House Large Print
512;Ronin Publishing (CA)
513;Bloomsbury UK
514;McSweeney's
515;Riverhead Books
516;Arcadia Publishing
517;Albin Michel
518;American University in Cairo Press
519;Speak
520;Chaosium
521;HarperCollins Publishers Ltd
522;Alison Green Books
523;Scholastic  Inc.
524;Penguin Books (NY)
525;Longman Schools Division (a Pearson Education Company)
526;PerfectBound (HarperCollins)
527;Random House (NY)
528;Headline Review
529;Trafford Publishing
530;Atlantic
531;Atlantic Books
532;Geddes & Grosset
533;Picador  Macmillan Publishers Ltd
534;Edebé
535;AHA! Process
536;Phoenix
537;Manning Publications
538;Penguin Group
539;Cold Spring Harbor Laboratory Press
540;Rivages
541;Atheneum
542;Richard Jackson Books
543;Kiepenheuer & Witsch
544;Algonquin Books
545;Scribner Classics
546;Pineapple Press
547;Black Swan
548;University of South Carolina Press
549;Minnesota Historical Society Press
550;Penguin Global
551;Audio Partners
552;Warner Vision
553;St. Martins Press-3PL
554;Tougher Disguises
555;Zeta Bolsillo
556;HarperCollins UK
557;Pelican Publishing
558;Douglas  McIntyre
559;Running Press
560;Time-Life Books  Inc.
561;Walker Books
562;Children's Press(CT)
563;Collection of Historical Scientific Instruments
564;Harper Perennial (NYC)
565;Silhouette Desire
566;Johnson Publishing Company (IL)
567;Viking Children's Books
568;Microsoft Press
569;Galahad Books
570;Vermilion
571;Harvard Business Review Press
572;Green Integer
573;Wildside Press
574;Collectors Library
575;Hovel Audio
576;Material World
577;Philomel Books
578;Child's Play International
579;Paulist Press
580;Chelsea House Publications
581;Dial Press Trade Paperback
582;Berkley
583;Chalice Press
584;Belknap Press of Harvard University Press
585;Wizards of the Coast
586;MacMillan General Books
587;Norma
588;MacMillan Audio
589;Anchor Canada
590;Heinemann Library
591;Barron's Educational Series
592;HarperPerennial 
593; Perennial Classics
594;Harper Perennial Classics
595;The Crossroad Publishing Company
596;Park Street Press
597;Dalkey Archive Press
598;Ivan R. Dee Publisher
599;Delta Publishing
600;Plume (Penguin Books Ltd)
601;Cartwheel
602;De Boekerij
603;Random House: Modern Library
604;Gemstone Publishing
605;Golden Books
606;Running Press Kids
607;Pearson Longman
608;Island
609;Addison Wesley Publishing Company
610;Puffin Books
611;Time Warner Paperbacks
612;Firelight Press
613;Baen Books
614;William Morrow & Company  Inc.
615;Bastei Lübbe
616;Hodder & Stoughton Ltd
617;Delacorte Books
618;1st World Library
619;Touchstone Books
620;University of Georgia Press
621;French & European Publications
622;Omohundro Institute and University of North Carolina Press
623;Jane Nissen Books
624;Everyman Paperback Classics
625;Orbis Books
626;Flamingo
627;University of Washington Press
628;Bradford Book
629;W.W. Norton & Company (NYC)
630;St. Martin's Minotaur
631;Vertigo
632;Contemporary French Fiction
633;Penguin Books  Limited (UK)
634;Titan Books
635;Abraham Guillen Press
636;Apress
637;Palgrave Macmillan
638;DAW Hardcover
639;Disney Press
640;Broadview Press Inc
641;City Lights Publishers
642;Miramax Books
643;Peter Owen Ltd
644;Maxima New Media
645;St. Martin's Paperbacks
646;Little  Brown Books for Young Readers
647;Margaret K. McElderry Books
648;The New York Review Children's Collection
649;皇冠文化出版有限公司
650;Oberlin College Press
651;Random House Children's Books
652;North Star Publications (MA)
653;Simon Publications
654;Chatto & Windus
655;Le Livre de Poche
656;Barbour Books
657;Harvest House Publishers
658;Vision Forum
659;TarcherPerigee
660;Penguin Group(CA)
661;Abacus
662;Steerforth
663;Steerforth Press
664;Rick Steves
665;Harper Trophy
666;City Lights
667;America's Test Kitchen
668;Vintage Books
669;Books on Tape
670;Paul Dry Books
671;Focus
672;Doubleday Publishing (NY)
673;Hay House
674;Penguin Books 
675;Chronicle Books
676;Regnery History
677;Applewood Books
678;Providence Forum Press
679;Faber & Faber
680;Putnam Adult
681;G. P. Putnam's Sons
682;Smithmark Publishers
683;Steidl
684;HarperSanFrancisco
685;Gibbs Smith
686;Fount
687;Tyndale House Publishers
688;Whitaker House
689;Knopf Books for Young Readers
690;Penguin (Non-Classics)
691;New World Library
692;Cemetery Dance Publications
693;American Diabetes Association
694;Sceptre
695;Nelson Thornes Ltd
696;Knopf Doubleday Publishing Group
697;Fodor's
698;Harlequin Anthologies
699;Debolsillo
700;French & European Pubns
701;Limitless Corporation
702;Poisoned Pen Press
703;University of Michigan Press
704;Roaring Brook Press
705;Ten Speed Press
706;Berkley Sensation
707;Ave Maria Press
708;Corgi
709;Fourth Estate
710;SparkNotes
711;AudioGO
712;Random House Anchor
713;Pantheon Books
714;Kodansha America
715;Nymphenburger
716;Paul S. Eriksson
717;Phoenix Press (UK)
718;Norton and Co.
719;Sage Publications  Inc
720;Darton  Longman & Todd
721;Faber and Faber
722;Sleeping Bear Press
723;Dark Horse Manga
724;Sinauer Associates
725;Island Press
726;Wiley-Blackwell
727;Rufus Publications
728;Booksales
729;Mythopoeic Press
730;Ballantine Books (NY)
731;Lantern Books
732;Wiley (TP)
733;Silhouette Romance
734;Mills & Boon
735;Metropolitan Books
736;Quality Paperback Book Club
737;BALLANTINE BOOKS
738;Wilhelm Goldmann Verlag  GmbH
739;Lucent Books
740;Villard Books
741;Lübbe
742;Public Square Books
743;Drawn and Quarterly
744;Jonathan Cape
745;No Exit Press
746;Harmony
747;Conari Press
748;Warner Adult
749;Scholastic Press
750;Penguin Classic
751;Harpperen
752;Columbia University Press
753;Usborne Books
754;Hodder Audio
755;New York: Random House
756;London : Collins  2004.
757;HarperCollinsChildren’sBooks
758;Lectorum Publications
759;Bloomsbury Paperbacks
760;NYRB Classics
761;Nova Fronteira
762;Andrews McMeel Publishing
763;Penguin Popular Classics
764;Northwestern University Press
765;Verso
766;Haymarket Books
767;Orion
768;HarperTrophy
769;Minnesota Heritage Publishing
770;Thomas Y. Crowell Company
771;Taylor Productions Ltd
772;Orb Books
773;Tor
774;Forge
775;Forge Books
776;F & W Publications Inc.
777;Tor Fantasy
778;Macmillan Audio
779;Price Stern Sloan
780;Egmont Children's Books
781;Random House for Young Readers
782;Random House  for Young Readers
783;Hachette
784;Live Oak Media
785;Griffin
786;Treat Enterprises
787;Pocket Star
788;Tommy Nelson
789;Harper & Row
790;HarperFestival
791;Winter on the Farm (My First Little House)
792;Doubleday Books for Young Readers
793;University of Massachusetts Press
794;Dorling Kindersley Children
795;DK
796;Disney Enterprises
797;DK Children
798;Time Life Medical
799;Eminent Lives
800;Crossway Books
801;Penguin Workshop
802;Michael Joseph
803;Profile Books
804;Robert Rose
805;Counterpoint LLC
806;Edimat Libros
807;Saunders
808;Random House Audio Publishing Group
809;J'ai Lu
810;Klincksieck
811;Random house
812;Harlequin Temptation
813;Virago UK
814;Longman
815;Ebury Press
816;DK Publishing
817;Albert Whitman  Company
818;Mondadori
819;Methuen Drama
820;W.W. Norton  Company
821;Holt Paperbacks
822;Gallimard Jeunesse
823;HarperEntertainment
824;Dark Horse Comics
825;Titan Books Ltd
826;Award Books
827;Holt McDougal
828;Random House Value Publishing
829;Little  Brown Young Readers
830;Albury Publishing
831;FaithWords
832;Thunder's Mouth Press Books
833;Watson-Guptill Publications
834;Deadite Press (Eraserhead Press)
835;Dr. Master Productions Inc.
836;Seven Stories Press
837;Back Bay
838;Little  Brown & Company
839;Roberts Rinehart Publishers
840;Lawbook Exchange  Ltd.
841;East Bay Municipal Utility District
842;Amherst Media  Inc.
843;Piatkus Books
844;Amherst Media
845;Express Publishing
846;Barefoot Books
847;Dial
848;University Press of Florida
849;Starcatcher Press
850;Sudamericana
851;New Island Books
852;Frederick P. Lenz Foundation for American Buddhism
853;Dell Publishing Company
854;Transworld Publishers
855;Indiana University Press
856;Mayfield Publishing Company (NY)
857;Orchard Books
858;Abingdon Press
859;Destiny Image Incorporated
860;William B. Eerdmans Publishing Company
861;Phoenix Press
862;Hyperion Books
863;Starscape
864;Tom Doherty Tor Fantasy
865;Luna
866;Rowohlt Verlag
867;Collins Design
868;Joshua Odell Editions
869;Dragonfly Books
870;iBooks
871;Everyman's Library Classics
872;Harcourt  Inc.(Harvest Book)
873;Theatre Communications Group
874;El Paso Norte Press
875;Aspect
876;Golden
877;Disney
878;Nostalgia Ventures
879;McClelland and Stewart
880;Dutton Books for Young Readers
881;University of North Carolina Press
882;Lumen
883;British Film Institute
884;Methuen Publishing
885;Cumberland House Publishing
886;Windsor Golden Series
887;Cistercian Publications
888;btb
889;Henry Holt
890;Bloomsbury USA
891;C. Bange
892;Insel
893;Piper Verlag
894;Laurel Leaf Library
895;BBC Audiobooks
896;Pimlico
897;Luath Press Ltd
898;Daw Books
899;Tauris Parke Paperbacks
900;Rowohlt Tb
901;Napoleon and Co
902;Highbridge Audio
903;"Izdavačka agencija ""Draganić"""
904;Trine Day
905;Eerdmans
906;Augsburg Fortress Publishing
907;Crown Forum
908;Allen Lane
909;Stewart  Tabori and Chang
910;Julie Andrews Collection
911;Arbordale Publishing
912;Virgin Publishing
913;Free Spirit Publishing
914;Taunton Press
915;Houghton Mifflin Harcourt P
916;DeBolsillo
917;Rizzoli
918;Orion Publishing Co.
919;Schirmer
920;Mosel
921;Adams Media
922;Michael O'Mara
923;Brilliance Audio
924;Baronet Books
925;Wordsworth Editions
926;Countryman Press
927;Hard Crime Case
928;Plaza y Janés
929;Renaissance Books
930;New English Library
931;Simon & Schuster Libros en Español
932;LGF
933;Inter Varsity Press
934;Random House  Inc.
935;Sweet Valley
936;Suma de Letras Brasileiras
937;Secker
938;Simon & Schuster (Trade Division)
939;Archie Comics
940;TSR Inc.
941;Canongate U.S.
942;MacMillan Publishing Company
943;Little Bookroom
944;Grove Press (NYC)
945;Fulcrum Publishing
946;Allen & Ulwin
947;Copper Canyon Press
948;Arrow Books
949;Perigee Trade
950;Gold Eagle
951;Games Workshop(uk)
952;Seal
953;Lasser Press
954;TheViking Press
955;Swallow Press
956;Gibbs Smith Publishers
957;Carroll & Graf Publishers
958;Hodder Wayland
959;Rowohlt Taschenbuch Verlag GmbH
960;Century
961;Fleming H Revell Co
962;Living Books
963;Hill & Wang
964;Schocken Books Inc
965;Hill and Wang
966;Gürze Books
967;Gurze Books
968;Waterbrook Press
969;Fontana
970;Sphere
971;Editions du Rocher
972;Harpercollins Children's Books
973;Aladdin Paperbacks
974;Black Lizard Books
975;New Directions Publishing Corporation
976;Western Publishing Company  Golden Books
977;University of Texas Press
978;Editions 10
979;18
980;NAL Trade
981;Phébus
982;Bookspan
983;Nelson Reference & Electronic Publishing
984;Here's Life Publishers
985;Nelson Books
986;Th1nk Books
987;Denoël
988;Éditions du Rocher
989;Blanvalet Taschenbuch
990;Penguin Signet
991;Book of the Month Club
992;New English Library (Hodder & Stoughton)
993;NAL Books
994;Columbia Pictures Pubns
995;Plaza & Janes Editores Sa
996;Belknap Press
997;Sutton
998;George Braziller
999;Holt  Rinehart and Winston  Inc.
1000;Grove Press  Granta
1001;Amistad Press
1002;Diogenes Verlag
1003;TusQuets
1004;Penguin Essential Editions
1005;Teacher's Pet Publications  Inc.
1006;Timeless Texts
1007;Timber Press (OR)
1008;Random House UK Ltd (A Division of Random House Group)
1009;Tachyon Publications
1010;Roc
1011;Lodestar Books
1012;Gallimard Education
1013;Hamish Hamilton
1014;Night Shade Books
1015;Bantam Spectra (NY)
1016;Simon & Schuster (NY)
1017;Association for Scottish Literary Studies
1018;Little Brown
1019;Johns Hopkins University Press
1020;William Morrow 
1021; Harper
1022;Norma Editorial
1023;Blackwell Publishing  Inc.
1024;Routledge Classics
1025;Harper & Row (NYC et al.)
1026;Éditions de Minuit
1027;Oberon Books
1028;Yesterday's Classics
1029;Marsilio Publishers
1030;Grove
1031;Atlantic  Inc.
1032;Simon Pulse
1033;Owlet Paperbacks
1034;Charles Scribner's Sons
1035;HarperPerennial
1036;Dutton Children's Books
1037;Owl Books
1038;Owl Books (NY)
1039;Booklocker.com  Inc.
1040;Penguin-HighBridge
1041;Aris and Phillips
1042;Transaction Publishers
1043;Mysterious Press
1044;International Polygonics
1045;Kaplan
1046;Dover Publications  Inc.
1047;Stanford University Press (Stanford  CA)
1048;Métailié
1049;Piper
1050;Bloomsbury (NYC)
1051;Random House Vintage Books
1052;Dafina Books
1053;Dell Publishing
1054;Viking Press
1055;Nation Books
1056;Europa Editions
1057;Brava
1058;Alpha
1059;Thomas Nelson Publishers
1060;Seymour Lawrence
1061;Noonday Press
1062;Siete Cuentos
1063;AK Press
1064;Serpent's Tail
1065;Odonian Press
1066;Henry Holt & Co. (NY)
1067;MIT Press (Cambridge  MA)
1068;Routledge Falmer
1069;Fawcett Crest Books
1070;"William Morrow; 1ST edition"
1071;Virago
1072;Barnes & Noble Books
1073;IndyPublish.com
1074;Harlequin Historical
1075;Millipede Press
1076;Arrow (A Division of Random House Group)
1077;Walker
1078;Fourth Estate (GB)
1079;Element
1080;Llewellyn Publications
1081;Virago Press (UK)
1082;Carl Hanser
1083;Octopus Books
1084;Bloomsbury Arden Shakespeare
1085;W. W. Norton & Co.
1086;Bantam Classic
1087;Signet Classic
1088;BBC Audiobooks America
1089;Siloam
1090;Quill
1091;Cooper Square Publishers
1092;TIme Warner Books
1093;Headline
1094;Jimmy Patterson
1095;DC Comics
1096;Laurel-Leaf Books
1097;Harry N. Abrams
1098;Citadel Press
1099;Moody Publishers (Chicago)
1100;Phaidon Press
1101;Thames & Hudson Ltd
1102;Eos
1103;Prima Games
1104;Hqn
1105;Bookclub-In-A-Box
1106;Canadian Broadcasting Corporation (CBC Audio)
1107;Penguin Books Canada
1108;Indigo
1109;Harvard University Press (Cambridge)
1110;"Viking; G. P. Putnam & Sons"
1111;Fireside Books
1112;Fortress Press
1113;VIZ Media
1114;J'ai lu
1115;Poseidon Press
1116;Dabel Brothers Publishing
1117;Meisha Merlin Publishing
1118;St. Martins Press
1119;New Press
1120;Daimon Verlag
1121;Hakusen Sha
1122;講談社
1123;ComicsOne Corporation
1124;Gallery 
1125; Saga Press
1126;Everyman Chess
1127;Russell Enterprises
1128;ADV Manga
1129;TokyoPop
1130;Viz Media
1131;Kids Can Press
1132;EOS
1133;Your Coach Digital
1134;Dabel Brothers Productions
1135;Random House Vintage
1136;BantamSpectra
1137;AvonEos
1138;Orbit
1139;University of Toronto Press
1140;Games Workshop
1141;DAW Books
1142;DAW
1143;Luna Books
1144;Baen
1145;Roc Hardcover
1146;Kodansha International
1147;Rizzoli International Publications
1148;MacAdam
1149;Cage
1150;Harlequin Books
1151;Silhouette Special Edition
1152;Millenium
1153;Imprint Academic
1154;Carlsen
1155;Companhia das Letras
1156;VeloPress
1157;Sounds True
1158;Babel
1159;Digital Manga Publishing
1160;University of Minnesota Press
1161;Library of American Comics
1162;Orion Paperbacks
1163;Salamandra
1164;Amereon Ltd
1165;Harvill Press
1166;Kodansha
1167;Wenner Books
1168;Hodder & Stoughton
1169;Bantam Doubleday Dell Publishing Group
1170;Scholastic Reference
1171;Kent State University Press (OH)
1172;York Press
1173;Turtleback Books Distributed by Demco Media
1174;Focal Press
1175;Cengage Learning
1176;Monkfish Book Publishing
1177;J'AI LU
1178;Dedalus Limited
1179;Kindle
1180;Joanna Cotler Books
1181;Cherry Red Books
1182;Klett
1183;Moyer Bell and its subsidiaries
1184;Soho Crime
1185;Acropolis Books (NY)
1186;AVA Publishing
1187;Inkling Books
1188;時報出版
1189;Houghton Mifflin Co. (Boston
1190;NY)
1191;Tyndale Momentum
1192;Bear  Company
1193;Gollancz
1194;Warners Visions Books
1195;Pan Publishing
1196;Kabel  Verlag GmbH Ernst
1197;Bison Books
1198;Pavilion Press (Wi)
1199;Charnwood
1200;Revive Publishing
1201;Riverhead Hardcover
1202;Bloomsbury Children's Books
1203;Brill
1204;Rodopi
1205;Headline Book Publishing
1206;Marion Boyars Publishers Ltd
1207;Abrams
1208;Random House Mondadori
1209;Salem Press Inc
1210;SaltRiver
1211;Deutscher Taschenbuch Verlag
1212;聯經出版事業股份有限公司
1213;University of Utah Press
1214;St. Martin's True Crime
1215;BBC Audiobooks Ltd
1216;Collins Modern Classics
1217;Roc Trade
1218;London : Faber  2002
1219;Severn House
1220;ACE
1221;Anchor Bible
1222;Earthlight
1223;Archipelago Books
1224;Celestial Arts
1225;Pinter & Martin Ltd
1226;Jones & Bartlett Publishers
1227;Nick Hern Books
1228;Abstract Studio
1229;Bloomsbury U.S.A. Children's Books
1230;University Press of America
1231;Marlowe & Company
1232;University of Calgary Press
1233;Grasset
1234;Westholme Publishing
1235;Bright Sky Press
1236;Topaz
1237;Bloomsbury Childrens Books
1238;MacMillan
1239;Recorded Books
1240;Henry Holt and Co. (BYR)
1241;Pi Press
1242;Regan Books
1243;Plaza & Janés Mexico
1244;Ulysses Press
1245;Emece Editores
1246;Wizarding World Press
1247;Arthur A. Levine Books 
1248; Scholastic Inc.
1249;Bloomsbury USA Children's Books
1250;Destino Ediciones
1251;Turtleback
1252;PerfectBound
1253;Authorhouse
1254;Piatkus
1255;Random House UK Distribution
1256;Watkins Publishing
1257;Diana TB
1258;Harper Perennial (HarperCollins)
1259;Tropismos
1260;Laurel
1261;American Girl Publishing Inc
1262;A & C Black (Childrens books)
1263;Inner Traditions
1264;Black Dog & Leventhal Publishers
1265;"Dodd Mead; 1st edition (September 1976)"
1266;Audiogo
1267;Samuel French Ltd
1268;Deodand
1269;The Overlook Press
1270;Hard Press
1271;Tom Doherty Associates
1272;Baker Books
1273;BCP
1274;Duckworth Publishing
1275;Cardoza
1276;Oregon State University Press
1277;Digital Manga Publishing 
1278; Dark Horse
1279;Quarry Press
1280;Sourcebooks
1281;MONDIAL
1282;Crescent
1283;Stanford University Press
1284;Pocket Books: Gallery Books
1285;Miramax
1286;Arcadia Publishing (SC)
1287;Soft Skull Press
1288;Univ Of Minnesota Press
1289;Hachette Littérature
1290;Skinner House Books
1291;Kent State University Press
1292;Cold Spring Press
1293;Leisure Books
1294;Basil Blackwell (Cambridge  MA
1295;Oxford)
1296;Picture Book Studio Ltd
1297;Hachette Jeunesse
1298;Osprey Publishing
1299;Marvel Comics
1300;Marvel Comics Group
1301;Razorbill
1302;Éditions de L'Olivier
1303;Dodo Press
1304;Berkley Publishing
1305;Universe
1306;Souvenir Press
1307;Globe
1308;Morpheus International
1309;Virago Press Ltd
1310;Library of America (NY)
1311;Nan A. Talese
1312;New Millennium Library
1313;Aerie
1314;Ace Book
1315;SFBC
1316;Square One Publishers
1317;Disney-Hyperion
1318;Taplinger Publ. Company
1319;Star Trek
1320;George Braziller Inc.
1321;Open Heaven Publications
1322;Blackstone Publishing
1323;Critica (Grijalbo Mondadori)
1324;Casa Creacion
1325;Benjamin-Cummings Publishing Company
1326;Berlitz Kids
1327;Honor Books
1328;Northeastern University Press
1329;Capstone Press
1330;Jump At The Sun
1331;New Press  The
1332;National Park Service
1333;Faber & Faber Limited
1334;Psychology Press
1335;Schocken Books
1336;Waking Lion Press
1337;Graphics Press LLC
1338;Graphics Press
1339;Ullstein Buchverlage GmbH & Co. KG 
1340; Ullstein Tas
1341;Ullstein Tb
1342;Lippincott Williams & Wilkins
1343;Dover Publications (NY)
1344;Ediciones Glénat España
1345;Lulu Press
1346;Vantage Press
1347;Эксмо
1348;New York University Press
1349;Cosmos Books (OH)
1350;AudioText
1351;Penguin Book Limited
1352;Hesperus Press
1353;Everymans Library
1354;Emecé Editores
1355;Penguin Classics Deluxe Edition
1356;Pelican Publishing Company
1357;Everyman Library 
1358; Overlook Press
1359;BiblioLife
1360;Overlook Press
1361;rbooks
1362;Classic Books
1363;Laurel Leaf
1364;Macmillan Publishing Company
1365;Collier Books
1366;Paraglyph Press
1367;Boosey & Hawkes Inc
1368;Reclam  Ditzingen
1369;Konemann
1370;Alfred A. Knopf  Inc.
1371;Cosimo Classics
1372;State University of New York Press
1373;Edwin Mellen Press
1374;Stone Bridge Press
1375;Farrar  Strauss & Giroux-3pl
1376;Multnomah
1377;Harvest Books
1378;Heinemann
1379;Challenge Press  Inc.
1380;Challcrest Press
1381;Manesse Verlag
1382;Tanglewood
1383;Disinformation Books
1384;Everyman Paperbacks
1385;Cybereditions Corp
1386;National Geographic
1387;Baton Wicks
1388;Sunburst
1389;Night Shade
1390;HarperPrism
1391;Bantam Books (NYC)
1392;Bantam Books (NY)
1393;Penguin Books (NYC)
1394;Fourth Estate Ltd
1395;Jump at the Sun
1396;Hyperio
1397;Pyramid Books
1398;W.W. Norton & Company  Inc. (NY)
1399;Quest Books
1400;The Modern Library New York
1401;Haus Publishing
1402;University Of Minnesota Press
1403;A Harvest Book
1404;Harcourt  Inc.
1405;Paris Press
1406;Beach Lane Books
1407;SCM Press
1408;Overlook TP
1409;MIT Press (MA)
1410;The MIT Press
1411;Polity Press
1412;John Wiley
1413;Pavement Saw Press
1414;Unwin Paperbacks
1415;Pan MacMillan
1416;Orchard
1417;Midnight Ink
1418;Alfred A. Knopf Borzoi Books
1419;Push
1420;Ravensburger Buchverlag
1421;Simon & Schuster Company (Englewood Cliffs  NJ)
1422;Peripatetic Press
1423;Bollingen
1424;Princeton University Press (NJ)
1425;Penguin Audio UK
1426;Townsend Press
1427;Lectorum
1428;Annick Press
1429;Plaza & Janes Editores  S.A.
1430;Arts Publications
1431;Hiperión
1432;Viking Books for Young Readers
1433;Purple House Press
1434;Editorial Juventud
1435;The Putnam & Grosset Group
1436;Warne
1437;Amereon Limited
1438;Penguin Books Limited
1439;Phoenix Books
1440;University of Chicago Press (IL)
1441;Hungry Minds
1442;University of Wisconsin Press
1443;W. W. Norton and Company
1444;Weiser Books
1445;MacMillan Children's Books
1446;Thorndike Press
1447;Harlequin
1448;Folio
1449;Rowohlt Tb.
1450;英文漢聲出版股份有限公司
1451;Open Court Publishing Company
1452;Pocket Books 
1453; Simon & Schuster  Inc.
1454;Laffont
1455;Time Life Books
1456;Faber and Faber & Penguin India
1457;Penguin Books Ltd.
1458;Motorbooks International
1459;Motorbooks
1460;BBC Physical Audio
1461;Little  Brown & Company (Boston
1462;Toronto)
1463;HarperCollins Leadership
1464;White Wolf Games Studio
1465;FASA Corporation
1466;Silhouette
1467;Circlet Press
1468;Small Beer Press
1469;McDougal Littel
1470;Deseret Book Company
1471;Writer's Digest Books
1472;BBC Books
1473;Big Finish
1474;Carroll & Graf
1475;Plexus Publishing
1476;Subterranean Press
1477;Benziger
1478;Dervy
1479;Simon & Schuster Books for Young Readers
1480;Barn Owl Books
1481;David R. Godine
1482;DK Publishing (Dorling Kindersley)
1483;Graywolf Press
1484;Tin House Magazine
1485;Stenhouse Publishers
1486;Zondervan Publishing House
1487;Voyageur Press
1488;The Berkley Publishing Group
1489;Chu Hartley Publishers LLC
1490;Chartwell Books
1491;T&T Clark Int'l
1492;Volo
1493;Del Rey Ballantine Random House
1494;Ecco 
1495; HarperCollins
1496;Chelsea House Publishers
1497;McGraw-Hill Companies
1498;Avalon Travel
1499;Orchard Books (NY)
1500;Collins Reference
1501;Hachette Audio
1502;RH Audio
1503;RH Audio Price-less
1504;Audio Literature
1505;Voyager
1506;Avon Books (AvoNova)
1507;Sunstone Press
1508;Soundings
1509;Nova Audio Books
1510;University Press of Kentucky
1511;Limelight
1512;Harcourt  Brace  Jovanovich
1513;CDS Books
1514;Vanguard Press
1515;dtv
1516;Dutton Books
1517;Huntington House Publishers
1518;Ediciones Urano
1519;Poppy
1520;Advantage World Press
1521;Harlequin Presents
1522;Teacher's Pet Publications
1523;Hyperion Paperbacks
1524;Puzzle-Via Magna
1525;Smart Pop
1526;Marshall Cavendish Editions
1527;Hawthorne Books
1528;Crown Journeys
1529;Crown Publishers
1530;Douglas & McIntyre
1531;DC Comics Vertigo
1532;Sticker Design (DC Comics)
1533;Disinformation Company
1534;The Disinformation Company (NYC)
1535;Bradygames
1536;Open Court
1537;Akashic Books
1538;Punk Planet Books
1539;Main Street Books
1540;Monolith Graphics
1541;La factoría de ideas
1542;Del Rey Books (NY)
1543;Bold Strokes Books
1544;Icon Books
1545;Hackett Publishing Company
1546;Impact
1547;Harlequin Special Releases
1548;Naiad Press
1549;Penguin UK
1550;List Taschenbuch
1551;小学館
1552;小学館 [Shōgakukan]
1553;University of Alaska Press
1554;CMX
1555;Blackwell Publishers
1556;Heinle
1557;Fontana Press
1558;Edicións Xerais de Galicia  S.A.
1559;Charlesbridge
1560;Sierra Club Books
1561;HarperTempest
1562;Downtown Press
1563;Times Books
1564;History Press Ltd
1565;The Liffey Press
1566;Thomas Dunne Books
1567;Veritas Publishing
1568;Perfection Learning
1569;Little Simon
1570;Pimsleur
1571;Droemer Knaur
1572;Devil's Due Publishing
1573;Avery Publishing Group
1574;Wiley Publishing  Inc.
1575;Benjamin Cummings
1576;Thames & Hudson
1577;Warner
1578;Nicholas Brealey
1579;B&H Publishing Group
1580;Courage Books
1581;Fireside
1582;Academy Chicago Publishers
1583;Birlinn
1584;Grafton
1585;Peerage Books
1586;River City Publishing
1587;Springer
1588;Crystal Clarity Publishers
1589;Macmillan Publ. Co.
1590;Plaza & Janés
1591;Penguin Group (USA)
1592;Círculo de Lectores
1593;Record
1594;Paul Mellon Centre BA
1595;Doubleday & Company  Inc.
1596;Harper Audio
1597;Checkmark Books
1598;Re
1599;Search Publications
1600;Semiotext(e)
1601;Seuil
1602;Points
1603;Morgan Road Books
1604;Urion Press
1605;Tusquets
1606;Crown Business
1607;Fithian Press
1608;Apple Paperbacks (Scholastic)
1609;Gamble Guides
1610;Scholastic Inc
1611;Coronet
1612;Montlake Romance
1613;Black Dog & Leventhal
1614;Dial Books
1615;Candlewick Press (MA)
1616;Candlewick
1617;Paula Wiseman Books
1618;HarperCollinsPublishers
1619;Alderac Entertainment Group (AEG)
1620;Black Sparrow Press
1621;Nonsuch Publishing
1622;Hippo
1623;University of Arkansas Press
1624;Listening Library
1625;Zebra Books
1626;Ballantine
1627;Harpercollins
1628;Larousse Kingfisher Chambers
1629;Neil Wilson Publishing
1630;Adamant Media Corporation
1631;New Page Books
1632;Cleis Press
1633;Schwartz & Wade Books
1634;Gale Cengage
1635;Laurel Leaf Books
1636;Harper Teen
1637;Simon & Schuster Simon Pulse
1638;Young Picador
1639;Square Fish
1640;Firebird Books
1641;Henry Holt and Company
1642;HarperLargePrint
1643;Time Warner Books UK
1644;Ace Trade
1645;Atlantic Books (UK)
1646;Harper Collins
1647;Quinteto
1648;Aurum
1649;Puffin Books (Penguin Books)
1650;Bantam Doubleday Dell Publishing Company Inc.
1651;Perennial
1652;Kyle Books
1653;Watson-Guptill
1654;Ash Tree Publishing
1655;Editions de l'Olivier
1656;Blue Sky Press
1657;Five Star Trade
1658;Creation Books
1659;Onyx
1660;Top Shelf Productions
1661;Marion Boyars Publishers
1662;Taplinger Publishing
1663;Tuttle Publishing
1664;Glencoe
1665;Troll Communications
1666;Wadsworth Publishing Company
1667;New Harbinger Publications
1668;Bertrand
1669;Goldmann
1670;Vida
1671;Y Lolfa
1672;Destiny Books
1673;Healing Arts Press
1674;Regal Books
1675;Newmarket
1676;LSU Press
1677;Routledge Taylor & Francis Books Ltd imprint
1678;Yale University Press (New Haven  CT)
1679;Dominion Press
1680;Kensington
1681;Penguin Books USA Inc.
1682;Bantam Doubleday Dell (NYC)
1683;Catholic Book Publishing
1684;Arlington House
1685;Sophia Institute Press
1686;Image
1687;Christian Classics
1688;University of Notre Dame Press
1689;Yellow Jersey
1690;Patmos
1691;Franklin Watts
1692;Nelson Current
1693;Vertical
1694;Lark Books
1695;Alderac Entertainment Group
1696;Hodder & Stoughton Educational Division
1697;Taylor & Francis Ltd.
1698;Sentient Publications
1699;Blu
1700;Random House (Vintage)
1701;Findakly
1702;Gingko Press
1703;KiWi
1704;18-Oct
1705;Silhouette Books
1706;Mira
1707;Island Books
1708;Rider
1709;Pharos Books
1710;Motilal Banarsidass
1711;Fleming H. Revell Company
1712;Mira books
1713;Holiday House
1714;Soho Press
1715;Loeb Classical Library 443
1716;Gallopade International
1717;Carole Marsh Mysteries
1718;Webster's New World
1719;Learning Matters
1720;F. Meiner
1721;Sams
1722;Addison Wesley
1723;The Guilford Press
1724;Pfeiffer & Company
1725;Backinprint.com
1726;Liveright
1727;W.W. Norton & Company  Inc.
1728;Liveright Publishing Corp.
1729;Pluto Press
1730;Center Point
1731;Avery
1732;Our Daily Bread Publishing
1733;Prentice Hall PTR
1734;Abradale Books
1735;角川書店 (Kadokawa Shoten)
1736;Time-Life Books
1737;Hodder and Stoughton
1738;Howard Books
1739;Tokyopop
1740;Worth Publishers
1741;Inner Light - Global Communications
1742;Tin House Books
1743;Peter Owen Publishers
1744;NAL Jam
1745;The Monacelli Press
1746;Grijalbo Mondadori Sa
1747;Harvard University Press (Cambridge  MA)
1748;Wm Heinemann Ltd. (London)
1749;K.G. Saur Verlag
1750;Clarendon Press
1751;Farrar  Straus & Giroux
1752;Kregel Publications
1753;PublicAffairs
1754;Harvest 
1755; Harcourt
1756;Keep It Simple Books
1757;Hal Leonard Pub Corp
1758;Chicago Review Press
1759;Puzzle-Roca
1760;Farrar  Straus and Giroux (BYR)
1761;Viking UK
1762;Editions Gallimard
1763;Alianza Editorial
1764;Skylight Paths Publishing
1765;Dartmouth College Press
1766;Churchill Livingstone
1767;Dedalus
1768;Course Technology
1769;Gollehon Books
1770;HarperCollins (SanFrancisco)
1771;Hackett Publishing Company (Indianapolis  IN)
1772;University of Nebraska Press
1773;Storey Publishing  LLC
1774;Ohio State University Press
1775;Waveland Press
1776;Loyola Press (Chicago)
1777;Penguin Books (London)
1778;Bureau of Public Secrets
1779;Rebel Press
1780;Disney Hyperion Books
1781;Thorndike Press Large Print
1782;Chicken House 
1783; Scholastic
1784;The Chicken House
1785;Chicken House
1786;Onyx Books
1787;Stonewall Inn Editions
1788;Heinemann Educational Books
1789;Verba Mundi
1790;Laurel Press
1791;Porrua
1792;Edaf S.A.
1793;ComicsLit
1794;Nantier Beall Minoustchine Publishing
1795;McGraw-Hill Professional Publishing
1796;Del Rey Fantasy
1797;Simon & Schuster Aladddin Paperbacks
1798;Coronet Books (GB)
1799;New Falcon Publications
1800;Backstage Books
1801;Princeton Architectural Press
1802;Chatto and Windus
1803;HarperVoyager
1804;DAW Fantasy
1805;Fischer (Tb.)
1806;DAW Books Inc
1807;Dante University of America Press
1808;Warner Forever
1809;Literatura Random House
1810;Mirrorstone
1811; HarperCollins 
1812; Harper Perennial
1813;McGraw-Hill Science
1814;Engineering
1815;Math
1816;Sasquatch Books
1817;Pomegranate Communications
1818;Van Patten Publishing
1819;Vanderbilt University Press
1820;Mel Bay Publications  Inc.
1821;Collins
1822;Greenery Press (CA)
1823;New York Review Children's Collection
1824;The Bodley Head Ltd
1825;Sensory Resources
1826;Lama Foundation (San Cristobal  NM)
1827;Sutton Publishing
1828;Ace Hardcover
1829;Grove Press  Black Cat
1830;Gotham
1831;One World
1832;Loose Id  LLC
1833;Dover Publications (NYC)
1834;Eraserhead Press
1835;Panther
1836;Collins Publishers
1837;Four Walls Eight Windows Press
1838;MIRA
1839;New World Publishing
1840;Kregel Academic & Professional
1841;l'ecole des loisirs
1842;Lawrence Hill Books
1843;Orion Publishing Group  Ltd.
1844;Manchester University Press
1845;Arrow Books Ltd
1846;Sidgwick & Jackson Ltd
1847;McFarland & Company
1848;Temenos Press
1849;Octopus Books (London)
1850;Peter Smith Publisher  Inc.
1851;Vince Emery Productions
1852;Mongoose Publishing
1853;Image Comics
1854;Beckett Media
1855;Abacus Books (London)
1856;Harpercollins Childrens Books
1857;Salani
1858;Wheeler Publishing
1859;Fantagraphics
1860;Berkley Hardcover
1861;McGraw-Hill Medical Publishing
1862;Blanvalet Taschenbuch Verlag
1863;Be Beautiful
1864;Bantam (Fanfare Imprint)
1865;Grand Central Publishing (Formerly Warner Books)
1866;Bantam (Fanfare)
1867;Gramedia Pustaka Utama
1868;Fanfare
1869;Mira (Mills and Boon)
1870;Blanvalet Verlag GmbH
1871;Loveswept
1872;Cisne
1873;Bedford
1874;St. Martin's
1875;International Publishers (NYC)
1876;Knowledge Products
1877;Allworth
1878;Ivan R. Dee  Publisher
1879;Ivan R. Dee
1880;Shepard Publications
1881;Disney Editions
1882;Praeger
1883;Bloomsbury 
1884; Continuum
1885;Intercultural Publishing
1886;YoungJin Singapore Pte. Ltd.
1887;Arkana
1888;Red Hen Pr
1889;Alfabeta Bokförlag
1890;House of Anansi Press
1891;Servant Publications
1892;Urban Books
1893;WaterBrook
1894;Loyola Classics
1895;Museum of Modern Art
1896;Vivendi
1897;Cátedra
1898;Grupo Editorial Norma  S.A.
1899;New Press (NY)
1900;Grove Weidenfeld
1901;1st Book Library
1902;Pygmalion Editions
1903;Seal Press
1904;Wyatt Book
1905;Wordsworth Classics
1906;Arsenal Pulp Press
1907;Audio Renaissance
1908;Orion Books
1909;Avenel Books
1910;Distribooks
1911;Shadow Mountain
1912;Little Apple
1913;Artisan
1914;Reclam  Leipzig
1915;Bantam Skylark
1916;McClelland & Stewart
1917;Editorial Diana
1918;Planeta
1919;Reclam
1920;東立
1921;Viking Compass (Non-Classics)
1922;Modern Library Classics
1923;Ebury
1924;Felony & Mayhem
1925;Book Publishing Company (TN)
1926;Book Publishing Company
1927;Cook's Illustrated
1928;Boston Common Press
1929;Specialty Press
1930;Bantem Press
1931;University of Pittsburgh Press
1932;P & R Publishing
1933;Portable Press
1934;Green Ronin Publishing
1935;Harbor Press
1936;Mestas Ediciones
1937;Piemme
1938;Riverrun Press (New York  NY)
1939;William Heinemann Ltd.
1940;Headline Feature
1941;W.W. Norton & Company (NY
1942;London)
1943;Sun & Moon Press
1944;Condor Books
1945;Ig Publishing
1946;Wesleyan University Press
1947;Plaza & Janés Editores  S.A.
1948;Martínez Roca
1949;Sholom Aleichem Family Publications
1950;Feminist Press
1951;Rowohlt
1952;Arkham House Publishers
1953;Liguori Publications
1954;Aegypan
1955;Evans Brothers
1956;Fredonia Books (NL)
1957;Helen Marx Books
1958;Shaye Areheart Books
1959;Health Communications
1960;Puffin Group
1961;South End Press
1962;Crossing Press
1963;Billboard Books
1964;John F. Blair  Publisher
1965;Random House Para Ninos
1966;Harcourt  Brace Jovanovich
1967;Harvest
1968;Arden Shakespeare
1969;Arléa
1970;Greenwood
1971;The New Cambridge Shakespeare
1972;Prestwick House
1973;Cedar Books
1974;Dragon Door Publications
1975;Travelers' Tales
1976;Longmeadow Press
1977;Futura
1978;Kensington Publishing Corporation
1979;Perennial 
1980; William Morrow 
1981;Granta Books
1982;Poorhouse Press
1983;Gauntlet Press
1984;IDW Publishing
1985;Cruithne Press
1986;Grupo Océano
1987;Claassen Verlag
1988;HQN Books
1989;HQN
1990;Goldmann Verlag
1991;Carlton Publishing Group
1992;Ullstein
1993;Serpents Tail
1994;Barrington Stoke
1995;Triple Crown Publications
1996;Project Management Institute
1997;Orion (an Imprint of The Orion Publishing Group Ltd )
1998;Modern Language Association of America
1999;W.W. Norton & Company (NY)
2000;Dutton Adult
2001;Mikaya Press
2002;Inner Traditions International
2003;Readers Digest.
2004;Reader's Digest Association
2005;Readers Digest
2006;Krause Publications
2007;Henry Holt and Co.
2008;The Orion Publishing Group Ltd
2009;Gaia Books
2010;Leete's Island Books
2011;Corgi Childrens
2012;Hartorch
2013;Science Fiction Book Club
2014;L.A. Weekly Books
2015;Wiley Publishing
2016;Viking Penguin Inc.
2017;Praeger Publishers
2018;Potomac Books
2019;Burford Books
2020;Civitas Books
2021;Focus on the Family Publishing
2022;Fontana Books
2023;Brown Son & Ferguson Ltd.
2024;Union Square Press
2025;Orbit Books
2026;Bragelonne
2027;Management Books 2000
2028;Sterling Publishing Co.  Inc.
2029;Fandemonium Books
2030;Thomas Publications (PA)
2031;Pearson Education
2032;Contemporary Books
2033;Scholastic Audio Books
2034;Kaplan Publishing
2035;Modern Publishing
2036;Limelight Editions
2037;Zenith Press
2038;Barricade Books
2039;Self-Realization Fellowship Publishers
2040;Berkley Books (NY)
2041;Lucas Books
2042;World Wrestling Entertainment Books
2043;Four Ninety-Eight Productions
2044;Hal Leonard Publishing Corporation
2045;Omnibus Press
2046;HarperResource
2047;MJF Books
2048;Wasendorf & Associates Inc
2049;Deodand Publishing
2050;Titan
2051;Academic Press
2052;Watkins
2053;Random House Inc. (NYC)
2054;Aris & Phillips
2055;Harcourt Brace Jovanovich (NY)
2056;FASA Corp.
2057;Penguin Young Readers
2058;Fantasy Flight Games
2059;Harcourt Children's Books
2060;Malhavoc Press
2061;British Academy
2062;Love Inspired
2063;Cavendish Square Publishing
2064;AIT Planet Lar
2065;University Press of New England
2066;Woodrow Wilson Center Press 
2067; Johns Hopkins University Press
2068;Crossroad Publishing Company
2069;Pippin Publishing
2070;Hazelden Publishing
2071;Universal Publishers
2072;Libros para ninos
2073;Random House Puzzles & Games
2074;B Fiction
2075;Sumach Press
2076;Chatto  Windus
2077;ガンガンコミックス
2078;Fab Press
2079;Avon HarperCollins
2080;Polygon
2081;Kuperard
2082;Delcourt
2083;Sage Publications Ltd
2084;Berkley Heat
2085;Elloras Cave
2086;Bruno Gmünder
2087;Dtv
2088;Feiwel & Friends
2089;B.E.S. Publishing
2090;Zondervan Publishing Company
2091;Welcome Books
2092;Canongate Books
2093;Pan Macmillan Ltd. (London)
2094;Banner of Truth
2095;Middleway Press
2096;Montena
2097;Hearst Communications
2098;Ash-Tree Press
2099;Macmillan Children's Books
2100;Pan Childrens
2101;Yosemite Conservancy
2102;Barnes  Noble
2103;Piper Taschenbuch
2104;Xulon Press
2105;Scholastic Nonfiction
2106;Portfolio
2107;Walter Foster Publishing
2108;Fawcett Coventry
2109;Fellowship for the Performance
2110;Holloway House
2111;Reaktion Books
2112;House of Stratus
2113;University of Texas Press (Austin
2114;Hodder Mobius
2115;Power Press
2116;LWW
2117;Let's Go Publications
2118;Random House Inc.
2119;Walter de Gruyter
2120;Harcourt Brace & Company
2121;ビブロス
2122;South End Press (Boston)
2123;Weidenfeld & Nicolson
2124;Allyn & Bacon
2125;Vintage Books a division of Random House
2126;Random House Reference Publishing
2127;Parker Publishing Llc
2128;Vertigo (DC Comics)
2129;ECW Press
2130;Editorial RM
2131;Smithsonian Books
2132;Jessica Kingsley Publishers
2133;Academica Press
2134;University of New Mexico Press
2135;Woodbridge Press Publishing Company
2136;Samhain Publishing
2137;Pan Australia
2138;Better Homes and Gardens Books
2139;Feral House
2140;Publishers
2141;Insight International
2142;Yoruba Theological Archministry
2143;Harrison House
2144;National Geographic Children's Books
2145;St. Martin's Paperback
2146;Apple
2147;Rux Martin
2148;Berkley Prime Crime Books
2149;Berkley Prime Crime
2150;Universe Publishing(NY)
2151;Leisure
2152;Gun Digest Books
2153;Eros Comix
2154;Texas A&M University Press
2155;Polychrome Publishing Corporation
2156;Golden Gryphon Press
2157;Saddleback Educational Publishing  Inc.
2158;Vendome Press
2159;Éditions 10
2160;San Val
2161;MetroBooks (NY)
2162;Legend
2163;Doherty  Tom Associates  LLC
2164;Harcourt Brace & company
2165;Running Press Adult
2166;Orion Publishing Group
2167;Alpha Books
2168;New Tradition Books
2169;Howard University Press
2170;Faber & Faber Ltd.
2171;Redleaf Press
2172;Aivia Press
2173;British Library
2174;Underwood
2175;Miller  Berkley
2176;Paperback Library
2177;CRC Press
2178;Broadway Business
2179;Meredith Corporation
2180;Westview Press
2181;Dundurn
2182;Wipf & Stock Publishers
2183;BenBella Books
2184;DAW Books (NY)
2185;DAW SF
2186;Dramatists Play Service  Inc.
2187;Orion Publishing Co
2188;Voice
2189;Southern Methodist University Press
2190;Trafalgar Square Publishing
2191;Council Oak Books
2192;New York : Penguin Books
2193;Michael Joseph Ltd.
2194;Julia MacRae
2195;Simon & Schuster Adult Publishing Group
2196;Exact Change
2197;Raintree
2198;Beltz und Gelberg
2199;Versus Press
2200;See Sharp Press
2201;Northwestern Univ Press
2202;CQ Press
2203;Fawcett crest
2204;Avon Books (P)
2205;Arthur A. Levine Books
2206;Michael O'Mara Books
2207;Dhv der Hörverlag
2208;Yapı Kredi Yayınları
2209;Possibilities
2210;Pogue Press
2211;Applause Theatre & Cinema Book Publishers
2212;Twayne Publishers
2213;Oddysey
2214;Harcourt Young Classics
2215;Sagebrush
2216;Lions
2217;"Simon & Schuster; Media Tie-In edition"
2218;P. F. Collier and Sons
2219;Victor Gollancz
2220;Twin Palms Publishers
2221;University of Arizona Press
2222;Harlequin American Romance
2223;Presidio Press
2224;US Naval Institute Press
2225;Hyperion Books for Children
2226;The Audio Partners
2227;Replica Books
2228;Atlantic Monthly Press (NYC)
2229;Pen & Sword Military
2230;Bantam Books  Inc.
2231;Fischer Taschenbuch Verlag
2232;Secker and Warburg
2233;Omnibus Hc Bei Bertelsmann
2234;Fischer TB
2235;Greenwood Press
2236;Xlibris Corporation
2237;David C. Cook
2238;W Publishing Group
2239;Rba Libros
2240;Fawcett Crest
2241;Hachette Children's
2242;Morrow
2243;Sarah Crichton Books
2244;Alan Rodgers Books
2245;HarperPaperbacks
2246;First Avenue Editions (Tm)
2247;Harper Design
2248;Penguin Putnam
2249;Transworld Publishers Ltd
2250;That Patchwork Place
2251;Sidran Press
2252;Harlequin Readers' Choice
2253;Grand Central
2254;Atlas Books
2255;Lone Oak Press
2256;Hill & Wang Publ. (NY)
2257;Hamish hamilton
2258;Melodrama Publishing
2259;Bloomsbury USA Childrens
2260;Fantagraphics Books
2261;Diamond
2262;Charter
2263;Silhouette Bombshell
2264;Coffee House Press
2265;Wildstorm
2266;TEA
2267;Byblos
2268;Andrews and McMeel
2269;Harper Element
2270;Middlesex University Press
2271;Tinder Press
2272;Bulfinch
2273;Other Press (NY)
2274;Pan Books
2275;US Green Building Council
2276;Presses de La Cite
2277;Hub City Press
2278;Acento Editorial
2279;Abacus Books
2280;Do-Not Press
2281;Modern Library (NY)
2282;Rosenberg Publishing
2283;InterVarsity Press
2284;Birlinn Ltd
2285;Festival Books
2286;Puffin Audiobooks
2287;Alyson Books
2288;Hamish Hamilton Ltd
2289;Robson Books  London
2290;Absolute Press
2291;Grijalbo
2292;Corgi Books (Adult)
2293;AMR
2294;Advanced Management Reports
2295;Hartley & Marks Publishers
2296;Delmar Thomson Learning
2297;Mark Cahill Ministries
2298;Larousse
2299;International Code Council
2300;Blood Moon Productions
2301;Shambhala Publications
2302;School Specialty Publishing
2303;No Starch Press
2304;Aurum Press
2305;Five Star (ME)
2306;RP Minis
2307;Godsfield Press Ltd
2308;Between the Lines Productions
2309;Cartago
2310;William Heinemann
2311;Prestel Publishing
2312;Pegasus Books
2313;Inter-Varsity Press
2314;Twenty-First Century Books (CT)
2315;O'Brien Press
2316;DEBOLS!LLO
2317;Folio histoire
2318;Alfaguara Infantil
2319;Suma
2320;Panamericana Editorial
2321;Editorial Presença
